ID,id_fiscal
9d17c602-9e74-446d-baa3-e7aad47da19a,sursum varius atqui
c7e2d309-c111-414f-a7c2-d389239b4274,accommodo deludo adfectus
78d1d6fe-e2a3-45bd-a3ef-a8e74e8b4d8a,tergiversatio depereo cicuta
685ebc4a-66da-4cf8-8fec-fceb5ea735ef,voluptatibus uterque defluo
94549455-bae6-43b2-bf82-f8ef95949ec9,totidem ait trado
862dc185-56ca-4fd7-8234-968fa5e6df4f,statim adsuesco depopulo
d161b6cb-9894-428d-95f1-b84df667084f,caveo quaerat supellex
5c9eba53-4f20-47a2-a0cc-718d6a9f7151,explicabo curtus tactus
faefb442-3f4f-4b5f-87d0-a8b6f62cb6ca,numquam adsum ipsa
6d195186-1b0a-4fd4-bb7e-897e3e2e8a98,speciosus arbitro cupressus
cb5be64a-b2ef-487c-8e0d-d1079b078997,altus officiis curo
31f549c5-374f-494a-9b92-f1abfa0dde92,creator ver arca
fefdae7a-caeb-40b8-b9b6-f649974e8b76,utpote suus decimus
72684482-369d-4b0f-8daf-0fac14542159,socius attollo aro
a032ee49-7acb-477f-a00b-eb36bc8b4e98,arx adeptio uredo
91a3607e-1fe0-440d-be23-6da9712f263f,apto enim optio
28bf641a-db51-466b-9ffd-4f55795a2967,sub decretum ultio
a2ae0aab-72bd-4d15-a44d-901985158608,ater textor curia
93765b07-e5c0-4715-a205-f029aea9c3cf,deduco derideo vinum
f25a1be4-205b-4097-9347-aff852239ff6,provident solitudo usus
10a2c6aa-021b-449c-8395-83011b6bd5a3,deprecator ullus vox
aba01abe-9d03-43ba-ae45-854cd7d30540,possimus video ars
a7fef16d-5645-46d6-bf56-9383d29ea072,argentum suffragium abbas
bcd3c0f8-e6a3-444d-aeae-e08c66c6b9d9,vel custodia vel
033886f2-1e2d-4a34-9db6-8072a02a0c83,vinco facere acer
29ec47f2-23c4-4b61-b895-285eac761b5f,accendo minima magni
30e1a1aa-a953-40b7-920b-c4e3bcd933aa,vere atavus triduana
3cd5c82c-9802-4957-b4de-e6b15e9e636c,acsi suus cena
05be6e88-2d08-4ac5-936d-361a3c9432db,atavus amplitudo vacuus
967a054a-6592-40bd-adcf-dceb182dd48f,bos usque vomer
d24eb970-988e-420c-a5e4-540a856394f2,auctus acquiro suppellex
9aa79baa-8065-443f-9a70-29b286e7361d,iure viriliter animadverto
dfc51143-c685-47e4-b7b6-01be8f6590f3,decipio adicio cupressus
a8866acc-f7cc-4121-b5ee-afb53e1c62d1,tempora alioqui vociferor
60d7e148-2cb9-4bb0-8be5-8e49492bf697,statua turba calculus
ee65e527-a68d-43c8-9feb-9ee320292746,stella ipsum cogito
b3c33ca3-e055-4e6c-9fd1-68af320ca082,pecco corporis quasi
9a85c7ac-8c18-4c14-a2bd-2df6e6958eef,capto caritas trucido
cb562b19-b345-4876-bbcc-26a4e42c9046,vae conservo officia
01d67fa2-d889-4e11-9274-cd24fb4fac8e,audax delibero consuasor
1b342051-58bc-44bc-9a91-5691d1ee8295,ver cetera conspergo
c71fb838-86f2-4c41-84c8-1dd3e4eda530,trado cariosus hic
c0515b21-addc-454f-aac3-f7c68ce5ab08,debitis caelestis claustrum
f3583062-8321-433a-b6b2-94b6be793d82,iusto triduana coerceo
b8a0a692-be3b-40e6-a41e-e27b1fa8065c,amplitudo amiculum dolores
4c2f602f-877f-409f-b7b6-86728708ad6d,ars valens vereor
f3080c0e-179e-44da-8170-75da14b03e59,conqueror tenus utique
833697e7-03c9-41d9-8fe9-8649b55cb686,ipsum id corrumpo
4f8ae190-444e-4af3-a954-dbe657ad83cf,caritas tendo corrumpo
14cfe7fd-7f2b-4d0d-b9f7-3ce1d50beead,architecto clibanus spectaculum