ID,createdAt,createdBy,modifiedAt,modifiedBy,name,age
1b764bf2-d94f-4c01-b8ec-ded7f0616adb,Sun Nov 12 2023 09:14:31 GMT+0000 (Coordinated Universal Time),Hugh0,Sun Sep 17 2023 17:42:03 GMT+0000 (Coordinated Universal Time),Lea99,voluptas derelinquo textus,758115431612416
7428f593-58cc-4b08-9f38-ba53986e9b09,Wed Jul 10 2024 11:50:54 GMT+0000 (Coordinated Universal Time),Gust.Keeling-Balistreri,Thu Mar 20 2025 09:50:27 GMT+0000 (Coordinated Universal Time),Reggie81,casso occaecati astrum,6444224134250496
6c52464d-9aff-4e6c-8e1d-0d2d002ef8b2,Tue Jan 21 2025 08:12:14 GMT+0000 (Coordinated Universal Time),Wilfred31,Tue Nov 12 2024 13:29:07 GMT+0000 (Coordinated Universal Time),Lavina87,cenaculum capto tunc,7456340171554816
fa47707d-47b2-4f9a-911d-5cca01238202,Sun Dec 03 2023 20:58:16 GMT+0000 (Coordinated Universal Time),Roosevelt.Harber-Heaney,Sun Apr 27 2025 12:55:00 GMT+0000 (Coordinated Universal Time),Vena60,reprehenderit cupiditas curvo,3842097928994816
c1dfdf80-2de9-4b99-8717-2713451e1115,Fri Dec 01 2023 22:55:51 GMT+0000 (Coordinated Universal Time),Melyna.Roberts18,Mon Apr 21 2025 11:56:47 GMT+0000 (Coordinated Universal Time),Wyatt5,tactus volva bestia,378362604290048
4d951ab2-93e4-4738-834d-f9b7eb657531,Wed Jul 19 2023 03:32:00 GMT+0000 (Coordinated Universal Time),Albert_MacGyver,Fri Mar 29 2024 19:28:51 GMT+0000 (Coordinated Universal Time),Tianna_Schultz70,ambitus abduco amitto,6013085510795264
8bb9d45f-df5f-430a-a08f-eac09379de2b,Tue Nov 14 2023 11:51:39 GMT+0000 (Coordinated Universal Time),Selena91,Mon Jul 08 2024 10:31:47 GMT+0000 (Coordinated Universal Time),Lexi_Blanda20,peior deripio ambulo,3339565949517824
807fd982-792c-446c-9963-cb083d47063a,Thu May 09 2024 19:19:07 GMT+0000 (Coordinated Universal Time),Jeffry51,Sun Dec 31 2023 10:37:50 GMT+0000 (Coordinated Universal Time),Chloe.Ruecker41,teres tui sui,8086677251686400
f783e7d0-034c-429f-bb3c-83952c07b93c,Thu Jun 19 2025 02:08:13 GMT+0000 (Coordinated Universal Time),Marjorie_Russel82,Thu Sep 28 2023 09:50:48 GMT+0000 (Coordinated Universal Time),Abner_Ebert-Gorczany,tot sol ipsum,5317912124456960
1d521659-8c1a-4205-ab57-b6776f7d1be0,Tue Feb 27 2024 15:51:42 GMT+0000 (Coordinated Universal Time),Travis72,Wed Aug 21 2024 07:28:39 GMT+0000 (Coordinated Universal Time),Cornelius_Lynch4,volo corpus sumptus,5629232514334720
fe01cacc-feb5-4a4b-9679-75bc422aed7d,Sat Dec 23 2023 19:28:36 GMT+0000 (Coordinated Universal Time),Guy61,Sat Sep 28 2024 10:46:27 GMT+0000 (Coordinated Universal Time),Maximillian18,varius utrimque viduo,8253996856770560
c98890ce-e1c7-4bab-b3e8-0dacd79b53b6,Thu Aug 03 2023 22:04:17 GMT+0000 (Coordinated Universal Time),Abraham58,Tue May 27 2025 05:32:05 GMT+0000 (Coordinated Universal Time),Ignatius_Reichert15,bestia conatus ut,2427393589379072
149faea4-d872-4aff-8367-9a0d4c434d00,Mon Feb 03 2025 17:40:20 GMT+0000 (Coordinated Universal Time),Julie_Durgan33,Wed Aug 07 2024 01:55:22 GMT+0000 (Coordinated Universal Time),Norval_Lang85,deduco calcar uberrime,3640038701137920
3096f3ef-0430-4f83-8d84-e556f2e7f3b3,Sun Aug 20 2023 19:09:12 GMT+0000 (Coordinated Universal Time),Henriette_Hettinger87,Thu May 01 2025 16:18:40 GMT+0000 (Coordinated Universal Time),Mackenzie_Smitham3,eligendi tametsi coniecto,4649749447704576
7a1ba3c7-c43a-4cc7-813b-04d2e46a5046,Fri Oct 25 2024 15:42:09 GMT+0000 (Coordinated Universal Time),Donnie.Ritchie,Fri May 31 2024 03:08:26 GMT+0000 (Coordinated Universal Time),Marcelina_Grant76,sublime arca cruciamentum,5566357831680000
4a3985a4-33f6-48aa-bd96-2178ab88d81f,Sun Jun 29 2025 21:17:49 GMT+0000 (Coordinated Universal Time),Jannie.Mraz36,Tue Aug 06 2024 13:15:35 GMT+0000 (Coordinated Universal Time),Tracy.Runolfsdottir,commodi est succedo,2299058385321984
2054c878-7dfd-4c9a-a83b-8958ac07ca74,Fri Dec 08 2023 21:57:15 GMT+0000 (Coordinated Universal Time),Rosalee_Reichel61,Tue Mar 12 2024 20:40:09 GMT+0000 (Coordinated Universal Time),Nathanael83,sequi tolero verbum,8558199862984704
77ec72c2-0f74-4204-aa5f-11e937787de4,Sun Apr 06 2025 05:31:13 GMT+0000 (Coordinated Universal Time),Susana.Bergstrom99,Wed Jun 12 2024 03:10:57 GMT+0000 (Coordinated Universal Time),Verona_Cruickshank84,quidem a dedecor,6682365625630720
5243a267-8350-4b18-98ef-3f9c8407935b,Thu May 30 2024 16:33:33 GMT+0000 (Coordinated Universal Time),Braeden_Morissette,Mon Jul 07 2025 08:56:56 GMT+0000 (Coordinated Universal Time),Katlyn.Mills,substantia defleo tubineus,4447590680625152
fe1bf820-e2f0-409c-80d9-3bdeaaf257dc,Sat Sep 30 2023 02:54:59 GMT+0000 (Coordinated Universal Time),Euna.Aufderhar,Sat Apr 19 2025 10:30:33 GMT+0000 (Coordinated Universal Time),Caleigh.Towne-Walsh,acceptus usitas caste,8016420000497664
ecf8582a-4e0b-43bf-9f11-2d9bfefdd047,Fri Jun 13 2025 19:15:15 GMT+0000 (Coordinated Universal Time),Drew67,Tue Oct 10 2023 17:38:51 GMT+0000 (Coordinated Universal Time),Elisabeth81,accedo amplexus considero,7454279478542336
23642ef7-2ef7-4501-a25a-b4c10b7801d1,Tue Dec 10 2024 01:11:24 GMT+0000 (Coordinated Universal Time),Elwin8,Mon Sep 16 2024 21:56:59 GMT+0000 (Coordinated Universal Time),Hugh85,alo ea damno,6206362470055936
824612e5-5576-4734-9006-47434b795241,Mon Aug 14 2023 20:33:55 GMT+0000 (Coordinated Universal Time),Catherine41,Wed May 28 2025 23:47:02 GMT+0000 (Coordinated Universal Time),Maude.Ratke,accusantium harum cotidie,4816326327533568
50fffb3f-3e89-4f00-8fda-82a91d91db7b,Mon Jul 29 2024 16:39:38 GMT+0000 (Coordinated Universal Time),Jamir17,Tue Apr 09 2024 22:41:48 GMT+0000 (Coordinated Universal Time),Ena.Kulas,admoveo ciminatio laboriosam,2001103113682944
4e0795cb-37e9-421a-acfc-a6ec654ecae6,Wed May 21 2025 18:04:30 GMT+0000 (Coordinated Universal Time),Trisha_Russel,Sun Jan 28 2024 11:52:34 GMT+0000 (Coordinated Universal Time),Madisyn79,debitis auctus creber,5918888600535040
c058ef59-f7a5-4312-9fd6-7146c1541065,Sun Feb 09 2025 02:45:18 GMT+0000 (Coordinated Universal Time),Ethelyn23,Mon Jan 15 2024 06:12:44 GMT+0000 (Coordinated Universal Time),Benjamin_Anderson,arcus approbo suppono,7755934019354624
023d651a-a3a6-44e3-9c61-a0e3be18da6d,Thu Nov 23 2023 15:56:31 GMT+0000 (Coordinated Universal Time),Elias15,Thu Jun 27 2024 02:26:47 GMT+0000 (Coordinated Universal Time),Ambrose_Runte,ipsa turpis acies,4764398289682432
7f426850-4081-432f-adf3-0af0c8b4f2c7,Mon Oct 23 2023 08:00:04 GMT+0000 (Coordinated Universal Time),Jany_Zulauf,Thu Sep 14 2023 00:19:30 GMT+0000 (Coordinated Universal Time),Cory3,aliquid adipiscor amet,2636068522295296
e4b714e8-6d9c-4fa9-96a7-94e7f06524e6,Wed Jun 04 2025 13:48:31 GMT+0000 (Coordinated Universal Time),Dulce84,Mon Jun 24 2024 10:21:02 GMT+0000 (Coordinated Universal Time),Jacey_Swaniawski39,spes quis tergum,7232897836646400
f4c7ee5f-7625-40c9-933f-87eee101cfcc,Sun May 12 2024 10:16:37 GMT+0000 (Coordinated Universal Time),Madonna21,Sun Apr 06 2025 16:11:43 GMT+0000 (Coordinated Universal Time),Horace59,vomer quas suscipio,5828709621694464
ab18f46d-acfb-473c-87a6-4ee14891b008,Thu Jul 17 2025 01:22:47 GMT+0000 (Coordinated Universal Time),Francesco16,Fri Apr 11 2025 16:28:28 GMT+0000 (Coordinated Universal Time),Enrique62,subvenio chirographum acies,8607320284069888
bd7a5314-b4a3-4017-a9b7-15424a297210,Fri Nov 08 2024 02:05:51 GMT+0000 (Coordinated Universal Time),Lora.Rowe,Fri Dec 27 2024 12:21:52 GMT+0000 (Coordinated Universal Time),Terrell.Grimes,esse odio sumo,8064508457123840
2df4469e-e8f7-4657-a4d8-311c77269830,Sat Jan 18 2025 17:29:38 GMT+0000 (Coordinated Universal Time),Kennedy_Volkman96,Sun Feb 23 2025 11:48:06 GMT+0000 (Coordinated Universal Time),Mable.Ernser,decerno aequus assentator,407962726170624
2e82bed9-1861-4b58-9b47-7dd44176edd1,Tue Jan 30 2024 12:52:51 GMT+0000 (Coordinated Universal Time),Guido33,Sat Feb 24 2024 16:30:51 GMT+0000 (Coordinated Universal Time),Maya_Maggio93,tutamen vinum consectetur,7332966984318976
baa625fa-bef3-499f-a413-a5e1c1a650ba,Fri Nov 17 2023 23:06:26 GMT+0000 (Coordinated Universal Time),Isabel.Block71,Tue Apr 23 2024 13:36:04 GMT+0000 (Coordinated Universal Time),Blaise.Gottlieb90,desipio avarus clarus,503738116603904
d15b8723-5b4f-4bd1-bb7e-66064de1c535,Wed Feb 05 2025 10:45:10 GMT+0000 (Coordinated Universal Time),Elizabeth26,Wed Sep 13 2023 08:22:42 GMT+0000 (Coordinated Universal Time),Adella19,molestiae aranea iste,2907285229666304
58d12166-50df-46a0-b7be-0c57e1486b70,Mon Aug 07 2023 04:01:41 GMT+0000 (Coordinated Universal Time),Louie_Upton80,Sun Sep 17 2023 06:29:41 GMT+0000 (Coordinated Universal Time),Mathew35,acceptus beatus adduco,5140401195319296
0a2cbc24-0e7b-438b-b4ca-9e70d53c18ec,Sun Dec 08 2024 15:38:53 GMT+0000 (Coordinated Universal Time),Nelson.Heathcote-Ritchie,Sun Apr 27 2025 15:13:00 GMT+0000 (Coordinated Universal Time),Stacey_Collins,celer depraedor suspendo,7572189503029248
57a3bf1b-b3bf-4b7d-a9f3-2cc484116a25,Fri Apr 26 2024 10:38:36 GMT+0000 (Coordinated Universal Time),Giovanny_OReilly47,Tue Jul 30 2024 05:03:31 GMT+0000 (Coordinated Universal Time),Trevion86,dolor vorax tenax,6850246640402432
8e5c9d79-29ad-4f4a-a8c1-098a9ea2416d,Thu Mar 07 2024 20:59:34 GMT+0000 (Coordinated Universal Time),Lamont_Doyle28,Sat Feb 10 2024 22:37:54 GMT+0000 (Coordinated Universal Time),Cesar_Thompson,supplanto auxilium dens,8340928875986944
2d69aae6-df07-45bf-ba58-86c877c466c4,Wed Oct 09 2024 21:33:24 GMT+0000 (Coordinated Universal Time),Vern.Wyman39,Sun Oct 29 2023 05:52:14 GMT+0000 (Coordinated Universal Time),Karlee.Boyle,vitium cubitum modi,6307456967770112
9364e06d-11aa-494a-9294-a6991576bf9e,Mon Aug 14 2023 01:44:03 GMT+0000 (Coordinated Universal Time),Emely_Turner57,Mon Jun 10 2024 19:31:58 GMT+0000 (Coordinated Universal Time),Dave67,testimonium tener denique,2038824001601536
17e2ff62-195c-481a-a635-090d150cbd33,Mon Oct 09 2023 04:58:42 GMT+0000 (Coordinated Universal Time),Rory2,Mon Dec 09 2024 15:09:03 GMT+0000 (Coordinated Universal Time),Myles47,nesciunt confido atqui,5759725373227008
401a8beb-2db0-45da-b836-f025ce8fafe8,Sat Sep 02 2023 02:51:21 GMT+0000 (Coordinated Universal Time),Alyce_Doyle,Sat Jan 04 2025 11:59:48 GMT+0000 (Coordinated Universal Time),Jaydon_Robel-McClure,spiritus utique solum,2252572054257664
4727e3cf-d8d7-49a4-a43c-5807e549e8c1,Tue Oct 17 2023 17:06:37 GMT+0000 (Coordinated Universal Time),Lavonne_Wolff,Sat Aug 19 2023 12:01:13 GMT+0000 (Coordinated Universal Time),Gaetano.Bernhard,tredecim urbanus acquiro,2079438248345600
8ac5af25-b6d5-435a-87ac-e091795fc2da,Sat May 03 2025 13:11:21 GMT+0000 (Coordinated Universal Time),Herta.Ryan,Fri Sep 27 2024 08:31:17 GMT+0000 (Coordinated Universal Time),Leo2,vis vel contabesco,8919933266165760
a89f01de-8d55-4531-b15d-b3a83bcacfd2,Mon Jul 14 2025 02:29:28 GMT+0000 (Coordinated Universal Time),Monty24,Thu Feb 22 2024 21:42:24 GMT+0000 (Coordinated Universal Time),Art.Hauck,valde corroboro vestrum,6395806269571072
25edd009-a4ab-478a-a7e0-7e52c36c801c,Wed Feb 19 2025 02:41:55 GMT+0000 (Coordinated Universal Time),Tyson.Effertz,Tue Mar 11 2025 02:23:50 GMT+0000 (Coordinated Universal Time),Landen.Windler25,avarus aurum crapula,2970653481238528
e725900d-c118-4f95-b1cb-0b2268af198f,Sat Nov 25 2023 15:32:24 GMT+0000 (Coordinated Universal Time),Melany_Kreiger-Cartwright30,Fri Sep 06 2024 04:00:31 GMT+0000 (Coordinated Universal Time),Colten_Kuvalis77,consectetur spectaculum cimentarius,7237383374241792
471c132b-faa6-4972-9333-6f8f8d97cc88,Wed Apr 23 2025 09:38:08 GMT+0000 (Coordinated Universal Time),Percival_Schaefer,Sat Dec 09 2023 10:07:05 GMT+0000 (Coordinated Universal Time),Erin97,sollicito benigne vindico,4734160465821696